{
  "graph": {
    "directed": true,
    "timestamp": 1751400727.443722,
    "nodes": [
      {
        "id": "led_0",
        "component_type": "led",
        "state": "inactive",
        "position": {
          "x": 2220.6373901367188,
          "y": 2977.9244384765625,
          "width": 1136.2476806640625,
          "height": 405.805419921875
        },
        "placement_correctness": 0.95,
        "functional_state": 0.0,
        "learning_context": {
          "skill_level": "beginner",
          "session_id": "demo",
          "attempts": 1,
          "component_familiarity": 0.5
        },
        "accessibility": 0.8600000000000001,
        "placement_confidence": 0.9870945811271667,
        "recommended_action": null,
        "electrical_props": {
          "forward_voltage": 2.0,
          "current_draw": 0.02,
          "resistance": 100.0
        },
        "timestamp": 1751400727.443722,
        "detection_confidence": 0.9870945811271667
      },
      {
        "id": "wire_1",
        "component_type": "wire",
        "state": "unknown",
        "position": {
          "x": 2659.3956298828125,
          "y": 2607.561279296875,
          "width": 311.810791015625,
          "height": 1081.7333984375
        },
        "placement_correctness": 0.95,
        "functional_state": 0.0,
        "learning_context": {
          "skill_level": "beginner",
          "session_id": "demo",
          "attempts": 1,
          "component_familiarity": 0.5
        },
        "accessibility": 0.8600000000000001,
        "placement_confidence": 0.9740355014801025,
        "recommended_action": null,
        "electrical_props": {
          "resistance_per_cm": 0.001
        },
        "timestamp": 1751400727.443722,
        "detection_confidence": 0.9740355014801025
      },
      {
        "id": "switch_2",
        "component_type": "switch",
        "state": "unknown",
        "position": {
          "x": 1836.6829223632812,
          "y": 2570.6076049804688,
          "width": 419.5152587890625,
          "height": 1184.2496337890625
        },
        "placement_correctness": 0.95,
        "functional_state": 0.0,
        "learning_context": {
          "skill_level": "beginner",
          "session_id": "demo",
          "attempts": 1,
          "component_familiarity": 0.5
        },
        "accessibility": 0.8600000000000001,
        "placement_confidence": 0.9590380787849426,
        "recommended_action": null,
        "electrical_props": {
          "contact_resistance": 0.01,
          "current_rating": 1.0
        },
        "timestamp": 1751400727.443722,
        "detection_confidence": 0.9590380787849426
      },
      {
        "id": "battery_holder_3",
        "component_type": "battery_holder",
        "state": "powered_on",
        "position": {
          "x": 2234.2413330078125,
          "y": 1774.7312622070312,
          "width": 1215.277099609375,
          "height": 1330.0721435546875
        },
        "placement_correctness": 0.9315321445465088,
        "functional_state": 1.0,
        "learning_context": {
          "skill_level": "beginner",
          "session_id": "demo",
          "attempts": 1,
          "component_familiarity": 0.5
        },
        "accessibility": 0.8600000000000001,
        "placement_confidence": 0.9315321445465088,
        "recommended_action": null,
        "electrical_props": {
          "voltage": 3.0,
          "current_capacity": 1.0,
          "internal_resistance": 0.1
        },
        "timestamp": 1751400727.443722,
        "detection_confidence": 0.9315321445465088
      },
      {
        "id": "motor_4",
        "component_type": "motor",
        "state": "inactive",
        "position": {
          "x": 204.06899237632751,
          "y": 1973.5452880859375,
          "width": 397.6952061653137,
          "height": 1169.321044921875
        },
        "placement_correctness": 0.2914063632488251,
        "functional_state": 0.0,
        "learning_context": {
          "skill_level": "beginner",
          "session_id": "demo",
          "attempts": 1,
          "component_familiarity": 0.5
        },
        "accessibility": 0.8600000000000001,
        "placement_confidence": 0.2914063632488251,
        "recommended_action": null,
        "electrical_props": {
          "voltage_rating": 3.0,
          "current_draw": 0.2,
          "resistance": 15.0
        },
        "timestamp": 1751400727.443722,
        "detection_confidence": 0.2914063632488251
      }
    ],
    "edges": [],
    "circuit_analysis": {
      "connectivity": {
        "connected_components": [
          "{'led_0'}",
          "{'wire_1'}",
          "{'switch_2'}",
          "{'battery_holder_3'}",
          "{'motor_4'}"
        ],
        "strongly_connected": [
          "{'led_0'}",
          "{'wire_1'}",
          "{'switch_2'}",
          "{'battery_holder_3'}",
          "{'motor_4'}"
        ],
        "power_paths": [],
        "isolated_components": [
          "led_0",
          "wire_1",
          "switch_2",
          "battery_holder_3",
          "motor_4"
        ],
        "potential_connections": []
      },
      "circuit_complete": false,
      "power_sources": [
        "battery_holder_3"
      ],
      "active_paths": []
    }
  }
}